ATIENZA FERNANDEZ Roberto,MARTINI Marco
BERGHMANS Marc,MERGUERIAN George
BORRELLY Christopher,MOIRA Anastasia
CALAMITA Valter,OH Gavin
CRESPO GAMBADE Pablo,OLEKSY Henri
D’ELIA Sandro,PADRAO Ana
DAMAS Pierre André,PAPIER David
DEL CASTILLO SANCHEZ Manuel,PECA Viorel
DZHUMALIEVA Stefka,RODRIGUEZ Eva
GIOVANNELLI Rosaria,RUSTANOWICZ Michal
GKOLFI Argyro,SEQUEIRA Luis
KATSAGOUNOS Ilias,SUTHERLAND-SHERRIFF Sarah
KIPS Bert,TURLEY Frank
KOENS Maarten,VAROTTO Anita
KUMMER Laurent,VOICU Denisa
LECLERCQ Pierre,WILLIAMS Kory
LECOMTE Marie-Véronique,ZAININGER Renate
MARTA Ana MARTINEZ,